epoch,batch_loss,train_loss,train_accuracy,val_loss,val_accuracy
1,0.6030401605139728,0.5178852059945165,0.8190104166666666,0.5279269644197858,0.78125
2,0.45977595806436794,0.3988699712335198,0.91015625,0.4152793356102444,0.9114583333333334
3,0.35056774996534384,0.2964475643710732,0.9348958333333334,0.31945555830293504,0.9427083333333334
4,0.2605261204646477,0.2167964040102652,0.9778645833333334,0.23755845545753787,0.9635416666666666
5,0.19620866016717575,0.16699669580352514,0.9765625,0.18845593779149042,0.9635416666666666
6,0.1502925639691238,0.13172229080435155,0.9817708333333334,0.14736516923583212,0.96875
7,0.1255095017226103,0.11290096861012784,0.97265625,0.12449794226718104,0.9739583333333334
8,0.10271636730097572,0.09073611128540504,0.984375,0.10469771635087981,0.984375
9,0.08661031281766018,0.07694579328578123,0.9869791666666666,0.09089636920551336,0.9739583333333334
10,0.07535404312403933,0.07263121328630133,0.9817708333333334,0.08115578804725622,0.9791666666666666
11,0.06754752706679261,0.06294625513910708,0.9921875,0.07742400693017683,0.9739583333333334
12,0.0632052844656469,0.05934266121555282,0.98828125,0.07233827608905036,0.9791666666666666
13,0.057558053579593337,0.062165806811258856,0.9752604166666666,0.06640396192582532,0.9791666666666666
14,0.0530037424359928,0.052127527606966685,0.9895833333333334,0.07124978690234773,0.9791666666666666
15,0.0505421372079819,0.04696774619636723,0.9908854166666666,0.0569953355370429,0.9791666666666666
16,0.050141241398495684,0.04582318275932728,0.9895833333333334,0.056639774116075514,0.9791666666666666
17,0.04538834236777419,0.04304195078723133,0.9895833333333334,0.05391303266159451,0.984375
18,0.04483182019255543,0.04127476455947916,0.9895833333333334,0.05973924615087484,0.984375
19,0.04623580459110069,0.03865536115652865,0.9908854166666666,0.05031406533880591,0.984375
20,0.04009131506756088,0.044563542127579764,0.98828125,0.06097003322859398,0.984375
21,0.040171948783512046,0.03968320010739899,0.9869791666666666,0.05518341907218344,0.984375
22,0.037647618956306375,0.03994638420132207,0.9895833333333334,0.04457737536135079,0.9791666666666666
23,0.037105269140402096,0.03916314834257859,0.9895833333333334,0.06527406924076234,0.9791666666666666
24,0.035867798118012474,0.0339415271289552,0.9934895833333334,0.053010390496418626,0.9791666666666666
25,0.03380927232427913,0.03281915499997707,0.9947916666666666,0.05367624609798419,0.9791666666666666
26,0.03415324704616604,0.030301861441428057,0.9947916666666666,0.04789765741499332,0.9791666666666666
27,0.034329930381989275,0.03198961414643572,0.98828125,0.044390601417495595,0.984375
28,0.03198042927702118,0.030569993580547867,0.9934895833333334,0.05734502653327651,0.96875
29,0.03199535403279096,0.03027331664113203,0.9908854166666666,0.04341636630469773,0.9791666666666666
30,0.03257368115747253,0.031472399073275786,0.9895833333333334,0.06438271116927406,0.9739583333333334
31,0.03162127082426245,0.027371823997727415,0.99609375,0.05095611429971545,0.96875
32,0.029873386972707233,0.0266662229965617,0.9973958333333334,0.04619827015208238,0.9739583333333334
33,0.029337213566314312,0.0265536805327688,0.99609375,0.05070417263674082,0.96875
34,0.027726469084614676,0.026741825272439828,0.9908854166666666,0.05372365844739855,0.9739583333333334
35,0.029570279115510415,0.025713943821063668,0.9947916666666666,0.04599319528390647,0.984375
36,0.028478881118463428,0.024788796148102064,0.9947916666666666,0.044140999791545975,0.9791666666666666
37,0.026031811252235987,0.029245427952599778,0.9947916666666666,0.03961201265197592,0.9895833333333334
38,0.030244877174708765,0.023879186160041258,0.99609375,0.04357001324099802,0.984375
39,0.02856402416242061,0.02461191258383623,0.9934895833333334,0.04029814962418709,0.984375
40,0.02753679716047085,0.026626954608936017,0.9921875,0.054162210692955404,0.9791666666666666
41,0.026898738091919904,0.024111913467108573,0.99609375,0.037382270631650956,0.9895833333333334
42,0.026876061405926674,0.02253437113684505,0.9934895833333334,0.05176219772427979,0.9739583333333334
43,0.024295557572664356,0.02543228299626817,0.9921875,0.04443393472531846,0.9791666666666666
44,0.025323290252212676,0.021369396372622345,0.9973958333333334,0.043369449263291476,0.9791666666666666
45,0.0257902038837174,0.02164190517005134,0.9947916666666666,0.05027789443875837,0.9739583333333334
46,0.024289219222238183,0.022047882713286296,0.99609375,0.05573434492210464,0.96875
47,0.025333895183910087,0.021141724502299907,0.9947916666666666,0.04564899872019721,0.984375
48,0.024366122466635384,0.023816997706198505,0.9908854166666666,0.0640458450504537,0.96875
49,0.02425360159553509,0.020871863804543072,0.9947916666666666,0.04768495255474159,0.9739583333333334
50,0.025455321153916268,0.019931226399119376,0.9947916666666666,0.044027584365938933,0.9739583333333334
51,0.021873149726848617,0.02423872514877079,0.9908854166666666,0.05730545116218996,0.9739583333333334
52,0.022738606834970348,0.019708834994113383,0.99609375,0.04987354182776008,0.96875
53,0.022573084736665482,0.019520890517194495,0.9947916666666666,0.04303571740679957,0.9739583333333334
54,0.022673663377058246,0.020412952993319675,0.99609375,0.03679796159359643,0.984375
55,0.02212067294171703,0.021453378625196612,0.99609375,0.035441072936911,0.9895833333333334
56,0.021648220976552095,0.02096032475176322,0.99609375,0.0350028381526439,0.9895833333333334
57,0.02259394074966237,0.020744108206876336,0.9921875,0.059099399578580764,0.96875
58,0.021133001716259897,0.01896663345862295,0.9986979166666666,0.04168402161437588,0.9739583333333334
59,0.021399631653826343,0.0198288986348808,0.9947916666666666,0.05050948639480576,0.984375
60,0.0225366460919529,0.019473209758219857,0.9934895833333334,0.057468101399019526,0.96875
61,0.021160770141785207,0.02170669574751785,0.9921875,0.04480870892588367,0.9791666666666666
62,0.021089876335662127,0.01960710922000972,0.9947916666666666,0.040737650641035496,0.984375
63,0.023098026465729286,0.019618205824367938,0.99609375,0.03758462081687828,0.984375
64,0.022452796465481206,0.017388074609745317,0.9973958333333334,0.04060709806071817,0.9791666666666666
65,0.020283417436804094,0.018560761155911768,0.9986979166666666,0.03335997613958674,0.9895833333333334
66,0.02085163397593008,0.01879669346820613,0.99609375,0.03720573761254676,0.984375
67,0.019354766449207715,0.019368153712571244,0.9934895833333334,0.05007970670399364,0.9739583333333334
68,0.020370697943304213,0.016911349282385496,0.99609375,0.04946546810288852,0.9791666666666666
69,0.020137066982322205,0.018529304361517337,0.99609375,0.04652730882794962,0.9791666666666666
70,0.020391733145835797,0.01737480028626788,0.9973958333333334,0.035901200544407375,0.984375
71,0.01910891306967809,0.020811658407436137,0.9895833333333334,0.06297797321048391,0.96875
72,0.01956777237690913,0.017541480924707892,0.9947916666666666,0.053850302110392934,0.9739583333333334
73,0.01959172098737588,0.01673912463739805,0.9973958333333334,0.04475153745423735,0.9739583333333334
74,0.02058281935439447,0.017456816604999464,0.9973958333333334,0.036011401117890036,0.984375
75,0.02127572440650694,0.017057060454937493,0.9973958333333334,0.03710168140541922,0.984375
76,0.01873411455415374,0.01617698408903356,0.9986979166666666,0.04354641801004305,0.9739583333333334
77,0.01881870941445898,0.01593319986891284,0.9973958333333334,0.040314183493856376,0.9739583333333334
78,0.018488363715949554,0.01526021990068932,0.99609375,0.04020767787996008,0.9791666666666666
79,0.017389916061187758,0.016459476649235666,0.9947916666666666,0.044541806720256705,0.984375
80,0.01901396429418353,0.015441287922351396,0.9947916666666666,0.05197921736378545,0.9791666666666666
81,0.01838575471013618,0.01594578822867493,0.9947916666666666,0.03550208980168178,0.984375
82,0.017239838284819856,0.018704195173535734,0.9947916666666666,0.03340709506341618,0.984375
83,0.016179018921401722,0.0186032236228526,0.99609375,0.043031590567723925,0.9791666666666666
84,0.01911871913722399,0.014548337219045545,0.99609375,0.04075764667334974,0.9791666666666666
85,0.019518862749107833,0.01437353630361544,0.9973958333333334,0.03717554728946187,0.9791666666666666
86,0.016951846181027488,0.01500151634132617,0.9973958333333334,0.03650060275593343,0.984375
87,0.017912153259157054,0.015644893156359103,0.9934895833333334,0.048373655346958054,0.9791666666666666
88,0.01848757090758437,0.014373813387465123,0.9973958333333334,0.03681952567878601,0.9739583333333334
89,0.016646593611383566,0.01861332613515819,0.9921875,0.05697254822148285,0.9791666666666666
90,0.016536406318181925,0.014719804799288421,0.9973958333333334,0.04568635340502991,0.9739583333333334
91,0.01713413328001586,0.013701758419419155,0.9986979166666666,0.039158110180357635,0.9739583333333334
92,0.016759500028240986,0.013778553460600538,0.99609375,0.039752403815711,0.9791666666666666
93,0.015467153813358829,0.018650263477689513,0.99609375,0.0347240177191899,0.984375
94,0.015940232752138895,0.014792126366134056,0.9973958333333334,0.034224072741829197,0.9791666666666666
95,0.014633162265584379,0.014990698205816388,0.9921875,0.04966854181857696,0.9791666666666666
96,0.014900952695190125,0.01786987154837058,0.9908854166666666,0.057196163296290285,0.9791666666666666
97,0.017114559271574254,0.013294503996713914,0.99609375,0.039927206138751815,0.9791666666666666
98,0.016574233400817488,0.013283910182107034,0.9973958333333334,0.03595418726045723,0.9791666666666666
99,0.01670995930374303,0.01446246212265531,0.9973958333333334,0.03283083308158362,0.9791666666666666
100,0.016986779167831943,0.013050864725429885,0.9973958333333334,0.04561622995034722,0.9739583333333334
101,0.015300236871160946,0.0161168798643213,0.9973958333333334,0.03264714214872382,0.984375
102,0.015864299139975783,0.015110364744521529,0.9973958333333334,0.04195636098786606,0.9791666666666666
103,0.014957439482452659,0.012885962452082735,0.9986979166666666,0.03994410041850943,0.9791666666666666
104,0.017484528278569757,0.012946309926536467,0.9986979166666666,0.034623845209323614,0.984375
105,0.015945796631646973,0.01425756972272974,0.9934895833333334,0.0532007199503008,0.9739583333333334
106,0.015791720022009244,0.013034750915530849,0.9947916666666666,0.044345670909369146,0.9791666666666666
107,0.015003931940921129,0.012859127716412217,0.9986979166666666,0.03725983813444491,0.9739583333333334
108,0.014364577861066574,0.013297535824198792,0.9973958333333334,0.04614173187224877,0.9791666666666666
109,0.014957435401314681,0.012788704424783344,0.99609375,0.04706958093264405,0.9791666666666666
110,0.014640693063022197,0.012377087014923576,0.99609375,0.03802476774588609,0.984375
111,0.014845687907812518,0.012805288221911857,0.99609375,0.04132599641431199,0.9791666666666666
112,0.014920264154716015,0.013607672592949253,0.9973958333333334,0.03097350340691842,0.9791666666666666
113,0.014295159018864844,0.016318085313642747,0.9934895833333334,0.0442921277976658,0.984375
114,0.015243258102366724,0.0127163656816388,0.9973958333333334,0.03690031122467884,0.9791666666666666
115,0.015340625062823623,0.01674229124314901,0.9934895833333334,0.030331370921616908,0.9791666666666666
116,0.016012559031033286,0.012374288996764038,0.9973958333333334,0.037594843447025295,0.984375
117,0.015364210761651809,0.012005054844649981,0.9986979166666666,0.0380536908805829,0.9791666666666666
118,0.016686740120954963,0.012343207403310652,0.99609375,0.04934569005848418,0.9791666666666666
119,0.014721854257489063,0.01383043416794968,0.99609375,0.04154544379134107,0.9791666666666666
120,0.015301531369610625,0.012922210120931038,0.99609375,0.04384891714310102,0.9791666666666666
121,0.01797439223008183,0.012004225490428094,0.9973958333333334,0.0394886470170673,0.984375
122,0.014533790302993782,0.012084677209602478,0.9973958333333334,0.033996011818397516,0.9791666666666666
123,0.0155718607105345,0.013444097796928754,0.99609375,0.047459623733097776,0.984375
124,0.014915298179183181,0.011809850989494691,0.9986979166666666,0.040799955788191664,0.9791666666666666
125,0.014261670804574174,0.01318080651949985,0.9986979166666666,0.03333198949191897,0.9739583333333334
126,0.014299174871031453,0.011693176555636982,0.9973958333333334,0.04441947685431912,0.9739583333333334
127,0.014615343300030946,0.013666923181190638,0.9947916666666666,0.059946452429481455,0.9739583333333334
128,0.01467508302087252,0.012234465483397884,0.9973958333333334,0.03641204549874911,0.9791666666666666
129,0.014583448305432877,0.011509831523762558,0.9986979166666666,0.03833374319941646,0.9791666666666666
130,0.012862651012150754,0.012918586340950744,0.9973958333333334,0.034588083493733816,0.984375
131,0.015268917201827612,0.014697906185494944,0.9973958333333334,0.033680320412689195,0.984375
132,0.014231232252506726,0.011435524568271802,0.9973958333333334,0.047375110996846666,0.9791666666666666
133,0.014066698533517047,0.0125151117360417,0.9973958333333334,0.03574530163824824,0.9791666666666666
134,0.01265383452824483,0.011319860458019285,0.9973958333333334,0.043068572353126035,0.9791666666666666
135,0.015592444048334897,0.011270244931329226,0.9986979166666666,0.037403297515752686,0.9791666666666666
136,0.01301138197679137,0.013039779452211145,0.9973958333333334,0.03275492949811027,0.984375
137,0.014928017312512372,0.011216705818953043,0.9973958333333334,0.04345418824303523,0.984375
138,0.013882413872826361,0.016691116777110174,0.9934895833333334,0.04979644323227511,0.9791666666666666
139,0.013405797187312914,0.01162684168489761,0.9973958333333334,0.04641561767969227,0.9791666666666666
140,0.012900826630088784,0.012014490644482801,0.9973958333333334,0.031890820779678496,0.9739583333333334
141,0.01301544210931902,0.011860040663912589,0.9947916666666666,0.04077508798155193,0.9791666666666666
142,0.014670599499037562,0.010817269480948674,0.9973958333333334,0.03651707413349898,0.9739583333333334
143,0.013192607662991962,0.011944112198541107,0.9947916666666666,0.047526891993552776,0.9791666666666666
144,0.013496768236210925,0.011065699072403864,0.9986979166666666,0.03381826538986431,0.9791666666666666
145,0.012945888078903449,0.011058070398520777,0.9973958333333334,0.04849862850603418,0.9791666666666666
146,0.014770376793229073,0.010890533084754982,0.9973958333333334,0.041774210338124236,0.984375
147,0.014455871315360325,0.011632508056964079,0.9973958333333334,0.03170019607909059,0.9791666666666666
148,0.01262801305910293,0.010707682199207369,0.9973958333333334,0.03942951947706911,0.984375
149,0.013461985433030203,0.011329521402815889,0.99609375,0.04800650026766707,0.9739583333333334
150,0.0131651775918,0.013648710765410937,0.9973958333333334,0.0353912337826082,0.9791666666666666
151,0.014130859097312258,0.012299189106929467,0.9947916666666666,0.05340081798433394,0.9739583333333334
152,0.01412330958519476,0.010488244663687148,0.9986979166666666,0.03882742966182391,0.984375
153,0.013808421649422845,0.010539864062478541,0.9986979166666666,0.04060127028140295,0.9791666666666666
154,0.012832093451853446,0.011614008074091216,0.9973958333333334,0.033086481492465174,0.9791666666666666
155,0.013321578323339245,0.012768209512059876,0.9973958333333334,0.041112369701531516,0.984375
156,0.014087271402196885,0.012138991998619597,0.9973958333333334,0.0434069863222411,0.984375
157,0.013548224411710169,0.011427246367681028,0.9973958333333334,0.03923993083627565,0.984375
158,0.012279303798807864,0.011981549029332525,0.99609375,0.03305493313290079,0.9791666666666666
159,0.013283664264147276,0.01089742571480462,0.9973958333333334,0.03354560777988689,0.9791666666666666
160,0.013779259143305975,0.010285380524158711,0.9986979166666666,0.0431358766999923,0.9791666666666666
161,0.012364089487774945,0.010457447217671308,0.9986979166666666,0.03673843098800015,0.9791666666666666
162,0.012103239131777674,0.010289234129353541,0.9986979166666666,0.037963744221639506,0.984375
163,0.013272113366107048,0.010764207178483047,0.9973958333333334,0.046554503447221236,0.9739583333333334
164,0.012574929765348242,0.01103299025650715,0.99609375,0.046584528039910665,0.984375
165,0.013103264988169895,0.010633319061311158,0.99609375,0.0428791742640808,0.9791666666666666
166,0.011206009797913074,0.010627305699236455,0.9986979166666666,0.0400324907144026,0.9739583333333334
167,0.011735180078391362,0.011248561515083888,0.9986979166666666,0.030558119235768223,0.984375
168,0.011550304188929864,0.013502995098087412,0.9973958333333334,0.03454323835244236,0.9791666666666666
169,0.012252469629028373,0.009841849105331804,0.9986979166666666,0.03665055012308625,0.9791666666666666
170,0.011500661007354534,0.011617231119366876,0.9973958333333334,0.03960694491451692,0.984375
171,0.01254710864020384,0.009707912349143803,0.9986979166666666,0.0374187336215762,0.9791666666666666
172,0.013095884301148044,0.010588338388330032,0.9986979166666666,0.038469364303456384,0.9739583333333334
173,0.011792808352730671,0.00982452093059242,0.9973958333333334,0.0461358592362695,0.9739583333333334
174,0.011341266495728216,0.011176320042323898,0.99609375,0.04347419596489064,0.984375
175,0.012578975097935895,0.01227869020791624,0.9973958333333334,0.03494203231347278,0.9791666666666666
176,0.012858652277463876,0.010013891054547737,0.9986979166666666,0.04151597347092876,0.984375
177,0.010743287779758366,0.009688710490399618,0.9973958333333334,0.042495459313905026,0.9739583333333334
178,0.012361644845556173,0.009792816696436961,0.9986979166666666,0.03604764890925743,0.9739583333333334
179,0.01239461270692361,0.009905756679968408,0.9973958333333334,0.04830255148675841,0.9739583333333334
180,0.012290164645677013,0.009448919966727103,0.9986979166666666,0.042651396814278965,0.9791666666666666
181,0.011535933143699988,0.010018404460764916,0.9986979166666666,0.0335857775400484,0.9791666666666666
182,0.012804833374020044,0.009661501333081898,0.9986979166666666,0.03755991581814103,0.9791666666666666
183,0.010853718026132109,0.011253164980709633,0.9947916666666666,0.04746731230155136,0.9791666666666666
184,0.013891163112061851,0.013815417110918595,0.9973958333333334,0.04022150983516407,0.984375
185,0.0115463739498372,0.01033925108442051,0.9973958333333334,0.03235015680234039,0.9791666666666666
186,0.01086586629698375,0.009528606580987664,0.9986979166666666,0.03560699637796163,0.9791666666666666
187,0.011527515794661658,0.013655763671586205,0.9934895833333334,0.055080832999873486,0.984375
188,0.013187757130764177,0.011531881735432488,0.9947916666666666,0.04619627859036928,0.984375
189,0.012008419679045786,0.010579470739660521,0.9947916666666666,0.05256611520405852,0.9739583333333334
190,0.011258234721378194,0.010421147036894186,0.9986979166666666,0.03157116744333686,0.9739583333333334
191,0.011948434719013043,0.009438278252771307,0.9986979166666666,0.04491275733782613,0.9791666666666666
192,0.01102419042409975,0.010723490320325631,0.99609375,0.04693198490549425,0.984375
193,0.012506688099560376,0.010643647005535044,0.9986979166666666,0.041662104995178424,0.9739583333333334
194,0.011060564476808915,0.01103189086153819,0.9947916666666666,0.052164189515990604,0.9791666666666666
195,0.011874154055124207,0.00921024245694061,0.9986979166666666,0.03633119777596189,0.9791666666666666
196,0.010770266583001403,0.009586706480168771,0.9973958333333334,0.04253669419556585,0.984375
197,0.012362068937603984,0.010279760910489233,0.9986979166666666,0.03206067723735667,0.9791666666666666
198,0.011834254708078711,0.0115846059256132,0.9947916666666666,0.05000347584974882,0.984375
199,0.011139254654347529,0.00898138388457064,0.9986979166666666,0.03838938539187429,0.9791666666666666
200,0.011550714449198113,0.009929000764537456,0.99609375,0.04394742236955199,0.984375
201,0.012000768461760484,0.009984642861939437,0.9973958333333334,0.03452720204902986,0.9739583333333334
202,0.010069387969678637,0.01033921525753423,0.99609375,0.043408053671443514,0.9791666666666666
203,0.011340286440943391,0.012957431556514082,0.9973958333333334,0.03972080121974011,0.984375
204,0.01013978393267625,0.00908119308918452,0.9986979166666666,0.040551712558352465,0.9739583333333334
205,0.010682604687240853,0.009537479781325651,0.99609375,0.04515066288366237,0.9791666666666666
206,0.011270960223933353,0.010063926081641665,0.9973958333333334,0.03892115992795889,0.984375
207,0.011401712566499024,0.009293771878047573,0.9986979166666666,0.04246349138727274,0.984375
208,0.010091413573010417,0.008768395316766396,0.9986979166666666,0.04346295629916392,0.9739583333333334
209,0.010446732129590288,0.010616044618880554,0.99609375,0.03154016182432815,0.984375
210,0.010448771609892165,0.009723838319737907,0.99609375,0.038535203113132355,0.9791666666666666
211,0.010628353953137699,0.009857398996508211,0.99609375,0.04817270030646429,0.984375
212,0.010937435596129141,0.009859560434715723,0.9947916666666666,0.04654263087228783,0.9791666666666666
213,0.011794950243777774,0.00865492867718902,0.9986979166666666,0.04117291483300304,0.9791666666666666
214,0.01039067036752573,0.008741760917748873,0.9986979166666666,0.03599156199713207,0.9791666666666666
215,0.010219717324065975,0.008775150724320101,0.9986979166666666,0.034839643235508574,0.9791666666666666
216,0.011017616635818886,0.008756247430317018,0.9986979166666666,0.04410630806333526,0.9791666666666666
217,0.009327037144263377,0.008786889674562454,0.9973958333333334,0.040582272636076326,0.9791666666666666
218,0.010107140237253174,0.010179981350693748,0.9934895833333334,0.05478925859269936,0.9791666666666666
219,0.011513284357898551,0.00910756257960651,0.9986979166666666,0.04364336737842534,0.9739583333333334
220,0.009895550969919004,0.008489262189201369,0.9986979166666666,0.04342026087983732,0.9739583333333334
221,0.009821189574278015,0.009140704354313354,0.9973958333333334,0.04779203168387239,0.9739583333333334
222,0.010799210375385448,0.009904921244634206,0.99609375,0.04635365803393757,0.9791666666666666
223,0.01097819464158834,0.008773042628837139,0.9986979166666666,0.04119632183224842,0.9791666666666666
224,0.010482532972352465,0.008537547545480266,0.9973958333333334,0.03820329063293228,0.9739583333333334
225,0.010206729609246469,0.00966301259611522,0.9947916666666666,0.05089257919138181,0.9791666666666666
226,0.009010793048412605,0.010460713386987898,0.9973958333333334,0.034980832672535676,0.984375
227,0.01083078179910574,0.010194842256678617,0.99609375,0.04796715015863473,0.984375
228,0.011213822368969478,0.010656957772612705,0.9986979166666666,0.037048698886716115,0.9739583333333334
229,0.010933505879467786,0.010416611512264853,0.9947916666666666,0.048480101606379056,0.984375
230,0.010934563462554088,0.008856758071374798,0.9986979166666666,0.04761926955782789,0.9739583333333334
231,0.010198333068693449,0.008734169456834208,0.9986979166666666,0.047322277133471424,0.9791666666666666
232,0.009821336442091705,0.009400963604263358,0.99609375,0.046974786710095306,0.9791666666666666
233,0.009897804243322098,0.00906410168455313,0.9986979166666666,0.0456389341411369,0.9739583333333334
234,0.00965409130345705,0.01024068456691045,0.9947916666666666,0.05442931237207099,0.9791666666666666
235,0.01071240951699636,0.009761302056967777,0.9947916666666666,0.052535973138752,0.9791666666666666
236,0.010523298321154348,0.008086648487341775,0.9986979166666666,0.03796725307491464,0.9791666666666666
237,0.010639418782834536,0.0081809994112953,0.9973958333333334,0.04329624956543108,0.9739583333333334
238,0.01021845659499624,0.008359640447602708,0.9986979166666666,0.04574000204484948,0.9791666666666666
239,0.010510759369352257,0.010105593662607605,0.9973958333333334,0.03571358971163224,0.984375
240,0.009353363264886958,0.009146242508688526,0.99609375,0.0471660726867728,0.9739583333333334
241,0.010644904828556097,0.008213772108217903,0.9973958333333334,0.04189952563156935,0.9739583333333334
242,0.010233307860929776,0.008815319372773774,0.9986979166666666,0.04363110669361638,0.9791666666666666
243,0.011052022106093141,0.008780206769841576,0.99609375,0.043869054268658926,0.9791666666666666
244,0.008968019057059339,0.008834428413209408,0.9973958333333334,0.03680752155646377,0.9791666666666666
245,0.010366985254890786,0.008312136191018664,0.9986979166666666,0.04518493490924332,0.9739583333333334
246,0.009382897031228637,0.011970011315496236,0.99609375,0.03420081619615561,0.9791666666666666
247,0.010596006651190905,0.008590206365956766,0.9973958333333334,0.03957548989127078,0.984375
248,0.01030786810808018,0.009089187840041089,0.9973958333333334,0.034297370473354245,0.9791666666666666
249,0.010053985769548923,0.008519396584351352,0.9973958333333334,0.03462059250713451,0.9739583333333334
250,0.009689663637792254,0.00826587517208876,0.9986979166666666,0.0438687146591637,0.9791666666666666
251,0.009103686492460262,0.009107571413585388,0.9986979166666666,0.041447957979992005,0.9739583333333334
252,0.009835020969022612,0.008855392548197134,0.9986979166666666,0.04488760414221448,0.9739583333333334
253,0.011895303440910013,0.009097232190848395,0.9973958333333334,0.0563699667850738,0.9791666666666666
254,0.00980497481845416,0.008293008822444698,0.9986979166666666,0.04167105827024898,0.9739583333333334
255,0.009574840360591995,0.009148854999246905,0.9973958333333334,0.034359851452040076,0.9791666666666666
256,0.01024675077041256,0.008105244793158784,0.9986979166666666,0.046504561548967184,0.9791666666666666
257,0.009547230506368546,0.007672588234373272,0.9986979166666666,0.040775619233024814,0.9791666666666666
258,0.008613961525629018,0.008139011652312437,0.9986979166666666,0.03576384693656429,0.9739583333333334
259,0.009602164017636439,0.009176352532405863,0.9973958333333334,0.03419301793350841,0.9791666666666666
260,0.009862861622306466,0.008644439062658554,0.9973958333333334,0.044476321294726624,0.9791666666666666
261,0.010011264417774939,0.007836693671723184,0.9986979166666666,0.03652010507638003,0.9739583333333334
262,0.008729717993127991,0.008194415235908364,0.9986979166666666,0.044752490714214464,0.984375
263,0.009126599644543381,0.007740050194084723,0.9986979166666666,0.04485201939257575,0.9791666666666666
264,0.008644641594402412,0.009920737901724853,0.9973958333333334,0.03512597425177807,0.9791666666666666
265,0.00901709286498835,0.0083629032888218,0.9973958333333334,0.04989255697134124,0.9791666666666666
266,0.010893724356145938,0.007623710009478629,0.9986979166666666,0.04297222249394628,0.9791666666666666
267,0.010112157905298976,0.007537891025707936,0.9986979166666666,0.041395893987949864,0.9739583333333334
268,0.008746773537533569,0.008641904961369875,0.9973958333333334,0.049403899563715485,0.9739583333333334
269,0.010691059469434454,0.007931664358740083,0.9986979166666666,0.04825819661432851,0.9791666666666666
270,0.010045562370817562,0.007776790726000693,0.9986979166666666,0.03844847288028749,0.9791666666666666
271,0.008747273203063661,0.00777110278753883,0.9986979166666666,0.04604328546221493,0.9791666666666666
272,0.009013240298012233,0.00886198689637986,0.99609375,0.04678585284344668,0.984375
273,0.009259331218022826,0.007752863191550233,0.9986979166666666,0.03771477033394353,0.9791666666666666
274,0.008571791822046523,0.008294324971887522,0.9973958333333334,0.0378207704903056,0.984375
275,0.009903678984785889,0.008010448237667485,0.9986979166666666,0.03335716954644114,0.9739583333333334
276,0.009385370671504122,0.008635267988979983,0.9973958333333334,0.03989019256980576,0.984375
277,0.010066644919712636,0.010893001561889779,0.9973958333333334,0.06571412284708843,0.96875
278,0.010828442666927224,0.0076719748678014356,0.9986979166666666,0.04633922626291096,0.9739583333333334
279,0.009577018768866886,0.0072990590555697815,0.9986979166666666,0.04133037491012669,0.9791666666666666
280,0.008052525062065474,0.009245217042035818,0.9973958333333334,0.03541608494877572,0.984375
281,0.008691979773471534,0.008553984513199712,0.99609375,0.04571062144889588,0.984375
282,0.008566324503230643,0.008180215151653882,0.9973958333333334,0.03923841188011531,0.984375
283,0.01004799566944441,0.007450915179103298,0.9986979166666666,0.03699277010486988,0.9739583333333334
284,0.008606362869766895,0.007269736654264982,0.9986979166666666,0.041876036598429665,0.9739583333333334
285,0.00917361551430068,0.007421834816278903,0.9986979166666666,0.03525923154485394,0.9791666666666666
286,0.00918020877459783,0.008495882657007191,0.9986979166666666,0.03093754033086349,0.9791666666666666
287,0.00931846312141068,0.007507163875007185,0.9973958333333334,0.038336331300221835,0.9739583333333334
288,0.009447781199498538,0.007868864926233137,0.9973958333333334,0.0397107897034829,0.9739583333333334
289,0.008963308037577876,0.007628135734154097,0.9986979166666666,0.04315960490216567,0.9791666666666666
290,0.009836584716594135,0.0071658491720208725,0.9986979166666666,0.04293644396720542,0.9791666666666666
291,0.0075958647988635455,0.009249960944617448,0.9973958333333334,0.03875320036424209,0.984375
292,0.008080440473543402,0.008444189901589015,0.9973958333333334,0.048458967330023715,0.984375
293,0.008400068465386422,0.0071808542146630785,0.9986979166666666,0.04262851557509901,0.9791666666666666
294,0.00847316838149386,0.008461189392334301,0.9973958333333334,0.050764871015170465,0.984375
295,0.010001265307092824,0.00854844338671633,0.9973958333333334,0.03459371143322874,0.984375
296,0.008449874010783096,0.008522754492807353,0.9986979166666666,0.04157124703879702,0.9739583333333334
297,0.00885753318700158,0.008098153247657877,0.9973958333333334,0.037948132741911444,0.984375
298,0.007528805534715293,0.008992248791614555,0.99609375,0.05258328446186251,0.984375
299,0.01088554311288295,0.010635206774126223,0.9973958333333334,0.040281223766973746,0.984375
300,0.009547590193231753,0.007301731459686815,0.9986979166666666,0.0477733136293235,0.9791666666666666
